chr	start	end	logPv
chr21	36400058	36400058	0.771018609706753
chr21	36400225	36400225	0.560601040352091
chr21	36401489	36401489	0.865815827438285
chr21	36401921	36401921	0.697712239547913
chr21	36401925	36401925	0.0548173237995951
chr21	36402361	36402361	0.0132001602817604
chr21	36402760	36402760	9.19628707831725
chr21	36402927	36402927	0.980055376296056
chr21	36403070	36403070	0.226377350405047
chr21	36403098	36403098	0.308947084856938
chr21	36403245	36403245	0.334968390973885
chr21	36403522	36403522	0.458137122059759
chr21	36403739	36403739	0.0997097005650771
chr21	36404382	36404382	1.1186590918179
chr21	36404398	36404398	0.712086762910108
chr21	36404807	36404807	0.722320890130798
chr21	36405617	36405617	1.14159893933723
chr21	36405969	36405969	1.22634642917632
chr21	36406077	36406077	0.106762591897915
chr21	36407169	36407169	0.410366535504083
chr21	36407308	36407308	0.195657437747658
chr21	36407414	36407414	0.161105332513563
chr21	36407442	36407442	0.044627463554415
chr21	36408415	36408415	0.243583829415656
chr21	36408507	36408507	0.35658317955122
chr21	36409136	36409136	0.27703817528635
chr21	36409615	36409615	0.0610618069945933
chr21	36411576	36411576	1.06046071475389
chr21	36411914	36411914	0.672052953835538
chr21	36412201	36412201	0.0337111913048732
chr21	36412872	36412872	0.2166755640201
chr21	36413343	36413343	0.166547020572151
chr21	36413569	36413569	0.480050228552414
chr21	36414177	36414177	0.303214960000509
chr21	36415169	36415169	1.076205163672
chr21	36415572	36415572	0.465582177940424
chr21	36416165	36416165	0.0784637804496995
chr21	36416361	36416361	0.199922896539989
chr21	36417610	36417610	1.05609669210159
chr21	36418490	36418490	0.193901793248416
chr21	36419280	36419280	0.00469017529870246
chr21	36419600	36419600	0.215772382950171
chr21	36419603	36419603	0.48028655212888
chr21	36420569	36420569	0.420530858611272
chr21	36421040	36421040	0.327515357016388
chr21	36421996	36421996	0.0665606247151286
chr21	36422009	36422009	0.0192027967754079
chr21	36422633	36422633	0.119758661967472
chr21	36423073	36423073	0.335779987492689
chr21	36423325	36423325	0.415498498564735
chr21	36424506	36424506	0.183217853742965
chr21	36424710	36424710	0.350359471339369
chr21	36425148	36425148	0.0476231492049467
chr21	36425274	36425274	0.760479096489963
chr21	36425690	36425690	0.389457694123864
chr21	36428596	36428596	0.299643340759594
chr21	36429352	36429352	0.449924683984224
chr21	36429582	36429582	0.193337863221155
chr21	36429650	36429650	0.280943897084805
chr21	36429651	36429651	0.289324316202158
chr21	36429673	36429673	0.246573258914028
chr21	36430348	36430348	0.0118015505965881
chr21	36430559	36430559	0.123806982016127
chr21	36433477	36433477	0.0141195902656753
chr21	36433887	36433887	1.13860496725684
chr21	36434292	36434292	1.26730660634188
chr21	36434593	36434593	0.155472046190703
chr21	36435727	36435727	0.2101293984874
chr21	36437423	36437423	0.205015628985943
chr21	36437772	36437772	1.64112097214872
chr21	36437832	36437832	0.594159477467519
chr21	36437941	36437941	0.384628729627554
chr21	36438178	36438178	0.468697951489963
chr21	36438389	36438389	0.4412300823209
chr21	36439826	36439826	0.238607440310884
chr21	36442125	36442125	0.27582457489281
chr21	36442566	36442566	3.00386304639074
chr21	36442724	36442724	0.0535260274647177
chr21	36442965	36442965	1.04271463839292
chr21	36443419	36443419	0.166322251529865
chr21	36443660	36443660	0.255816176222143
chr21	36444737	36444737	0.0872323201588325
chr21	36445194	36445194	0.127022864991564
chr21	36445518	36445518	0.351105123105215
chr21	36445724	36445724	0.0228180028000041
chr21	36445760	36445760	0.229813876055577
chr21	36446692	36446692	0.0167848550534397
chr21	36447320	36447320	1.42782664457004
chr21	36447539	36447539	0.0255544858769277
chr21	36448480	36448480	0.688292390221086
chr21	36448644	36448644	0.392450888656838
chr21	36449849	36449849	0.101487810710651
chr21	36450358	36450358	0.318992633320499
chr21	36450926	36450926	0.116786342564956
chr21	36450990	36450990	0.2988864909916
chr21	36451539	36451539	0.123300842301622
chr21	36455336	36455336	0.530766084455205
chr21	36455531	36455531	0.128348282274665
chr21	36458515	36458515	0.480256133374954
chr21	36459746	36459746	0.015903518631504
chr21	36460118	36460118	0.362198123055459
chr21	36460344	36460344	0.0754459313181781
chr21	36460455	36460455	0.460963358648762
chr21	36461288	36461288	0.268287713507503
chr21	36462402	36462402	7.65418933774345
chr21	36462487	36462487	0.700369003530618
chr21	36462636	36462636	0.305006894728308
chr21	36464015	36464015	0.808667870183467
chr21	36464242	36464242	0.163726592604986
chr21	36464378	36464378	0.103516215285583
chr21	36464939	36464939	0.0475898809037931
chr21	36465781	36465781	0.0531474399766648
chr21	36465819	36465819	0.554523070504253
chr21	36466217	36466217	0.88576551219383
chr21	36466765	36466765	0.127799437049375
chr21	36468401	36468401	0.31290701626885
chr21	36469055	36469055	0.185214982265105
chr21	36469760	36469760	1.22967297364089
chr21	36470203	36470203	0.180969404967406
chr21	36470533	36470533	0.625081545327928
chr21	36470707	36470707	0.248938304591494
chr21	36472043	36472043	1.25610058777343
chr21	36472969	36472969	0.191119204322373
chr21	36474487	36474487	0.493125361869309
chr21	36476316	36476316	1.11342148886496
chr21	36476605	36476605	0.417262938597819
chr21	36477345	36477345	0.285114314614861
chr21	36478043	36478043	0.251960814602608
chr21	36478205	36478205	0.356898269837841
chr21	36478507	36478507	0.62911245033915
chr21	36478617	36478617	0.0615753053123408
chr21	36479634	36479634	0.0037217548492194
chr21	36479735	36479735	0.718127143065831
chr21	36480134	36480134	0.0472346600506091
chr21	36480627	36480627	0.0882064080242245
chr21	36483229	36483229	0.228818998317718
chr21	36484304	36484304	0.82667806732301
chr21	36485681	36485681	0.370584877494925
chr21	36487909	36487909	1.19794634598096
chr21	36487965	36487965	0.0307395658028946
chr21	36489458	36489458	0.785108290176497
chr21	36489716	36489716	0.991902499527405
chr21	36490295	36490295	0.657933450131693
chr21	36491208	36491208	1.21157445591943
chr21	36491579	36491579	0.000521342024551412
chr21	36492463	36492463	0.154982053269765
chr21	36493611	36493611	1.46746229921493
chr21	36494360	36494360	0.217837182074145
chr21	36494907	36494907	0.15734001392277
chr21	36494992	36494992	0.644910242877934
chr21	36495415	36495415	0.0938138542010107
chr21	36496621	36496621	0.748943170944139
chr21	36497065	36497065	0.244371737851645
chr21	36497640	36497640	0.087344888280877
chr21	36497711	36497711	1.08039153583736
chr21	36498024	36498024	0.0129832825515785
chr21	36498472	36498472	0.179932951037972
chr21	36498579	36498579	0.157932828855396
chr21	36499299	36499299	0.764805987133752
chr21	36499649	36499649	0.486527135922013
chr21	36500355	36500355	0.255784175555176
chr21	36501188	36501188	0.689416044833874
chr21	36501912	36501912	2.22911234256638
chr21	36502412	36502412	0.00166009091481471
chr21	36502743	36502743	0.775014934938504
chr21	36503184	36503184	0.21532592301664
chr21	36503433	36503433	0.0150552585193252
chr21	36504570	36504570	0.0354516111075363
chr21	36504594	36504594	0.0545523284982354
chr21	36504599	36504599	0.040839051248685
chr21	36504958	36504958	0.302628496397202
chr21	36505610	36505610	0.202362735305121
chr21	36505815	36505815	0.71171073239803
chr21	36506679	36506679	0.590565667784059
chr21	36507603	36507603	0.35008564417163
chr21	36507855	36507855	1.14295994311092
chr21	36507945	36507945	0.124005670644445
chr21	36508153	36508153	0.755160584492407
chr21	36508447	36508447	0.224883549247874
chr21	36508775	36508775	0.566762076133217
chr21	36509659	36509659	0.826913369183105
chr21	36509814	36509814	1.38445769367092
chr21	36510349	36510349	0.0162424631310823
chr21	36512128	36512128	0.393373373531733
chr21	36512237	36512237	0.484200627402172
chr21	36512394	36512394	0.283078137058578
chr21	36512438	36512438	0.0636804988182571
chr21	36512557	36512557	0.455487528522428
chr21	36512986	36512986	0.714358132943135
chr21	36513670	36513670	0.223868565219524
chr21	36514815	36514815	0.146969640573436
chr21	36515338	36515338	0.289363270249396
chr21	36516347	36516347	0.0212771043276165
chr21	36519980	36519980	0.58217905393923
chr21	36520184	36520184	0.298492982939898
chr21	36520508	36520508	0.21885756469534
chr21	36521181	36521181	0.944363658952042
chr21	36522164	36522164	0.00202280888282829
chr21	36522198	36522198	0.395057022860773
chr21	36522232	36522232	0.553021216816899
chr21	36524009	36524009	0.278895618616454
chr21	36525339	36525339	0.167209523737816
chr21	36526230	36526230	0.0637755860987368
chr21	36526533	36526533	0.0755088249493367
chr21	36527536	36527536	0.833311552264525
chr21	36528128	36528128	0.195057033580725
chr21	36529047	36529047	0.0299550214814961
chr21	36529369	36529369	0.0330484672224894
chr21	36529497	36529497	0.182424877673797
chr21	36529902	36529902	1.25311908955086
chr21	36530153	36530153	0.445251361057602
chr21	36530264	36530264	0.336443856801104
chr21	36531826	36531826	0.00958774564708391
chr21	36532181	36532181	0.621114448301657
chr21	36532292	36532292	0.0203667536985611
chr21	36534321	36534321	0.209538591853587
chr21	36535403	36535403	0.89998618369081
chr21	36536166	36536166	1.01811020306387
chr21	36536391	36536391	0.277760384353955
chr21	36536644	36536644	0.136019176978776
chr21	36536985	36536985	0.0980377393617167
chr21	36537401	36537401	0.0502594282341578
chr21	36538343	36538343	0.52561146736712
chr21	36539615	36539615	1.0389870465289
chr21	36539985	36539985	0.0158518143948144
chr21	36540040	36540040	0.492878781111356
chr21	36540168	36540168	0.244177633769512
chr21	36541776	36541776	0.701990129033234
chr21	36543386	36543386	0.238377394120509
chr21	36543417	36543417	1.09156728298467
chr21	36543811	36543811	1.43980809249836
chr21	36543867	36543867	0.0506011141678868
chr21	36545837	36545837	0.549759499435597
chr21	36545934	36545934	1.26744180437675
chr21	36546253	36546253	0.994960100300282
chr21	36546406	36546406	0.824190716772485
chr21	36548194	36548194	0.0449872529317873
chr21	36548224	36548224	0.311176131161519
chr21	36548323	36548323	0.852620083771598
chr21	36551339	36551339	0.297201176897661
chr21	36552735	36552735	0.53169699002202
chr21	36552932	36552932	0.0207796448964959
chr21	36552945	36552945	0.00246267194708248
chr21	36554860	36554860	0.0779379881310188
chr21	36556965	36556965	0.193499772472881
chr21	36557543	36557543	0.342858010269046
chr21	36557841	36557841	2.5111098949758
chr21	36558305	36558305	0.313714095941315
chr21	36558689	36558689	0.363554090781354
chr21	36558711	36558711	0.00802033395107342
chr21	36558898	36558898	0.444409318214198
chr21	36560142	36560142	0.0280188883379478
chr21	36560175	36560175	0.0831825769745469
chr21	36560990	36560990	0.316668721517059
chr21	36562277	36562277	1.18324000283794
chr21	36563488	36563488	0.265523581742005
chr21	36563693	36563693	0.372513814437396
chr21	36564269	36564269	0.213319814414543
chr21	36564445	36564445	0.454200189453422
chr21	36564613	36564613	0.233068878870179
chr21	36565060	36565060	0.598006028639791
chr21	36566049	36566049	0.994193534940377
chr21	36567564	36567564	0.620743119701681
chr21	36567687	36567687	0.0109712335097289
chr21	36569012	36569012	0.434740362199774
chr21	36569635	36569635	0.701074299615342
chr21	36570135	36570135	0.175631445550702
chr21	36570175	36570175	0.746586265861786
chr21	36570406	36570406	0.574608408214062
chr21	36570549	36570549	0.660043874901373
chr21	36570735	36570735	0.189426886030925
chr21	36570825	36570825	0.280531595438502
chr21	36571490	36571490	0.996712937792635
chr21	36571697	36571697	0.214893790816916
chr21	36572768	36572768	0.163922563238971
chr21	36572809	36572809	0.0445618904612317
chr21	36573069	36573069	0.742310147415148
chr21	36574325	36574325	0.0617101591221845
chr21	36574503	36574503	0.162059876581826
chr21	36574583	36574583	0.421561812498019
chr21	36574632	36574632	0.812414960068824
chr21	36574904	36574904	0.348770946034251
chr21	36575573	36575573	0.511655645857016
chr21	36576209	36576209	0.911171178047921
chr21	36578325	36578325	0.919307945156146
chr21	36578453	36578453	0.2104382817348
chr21	36578476	36578476	0.0885459477768165
chr21	36580151	36580151	0.167658899281566
chr21	36580454	36580454	0.115344686519882
chr21	36582085	36582085	0.0287240910946533
chr21	36582628	36582628	0.907398878772392
chr21	36584859	36584859	0.404604351412159
chr21	36586567	36586567	0.218249819633464
chr21	36587849	36587849	2.00610822067982
chr21	36588053	36588053	0.560613670519784
chr21	36588247	36588247	0.0511497625543729
chr21	36588580	36588580	0.479010117754978
chr21	36588760	36588760	0.206469266122922
chr21	36589060	36589060	1.08995920009018
chr21	36589123	36589123	0.564308814587831
chr21	36589319	36589319	0.487795082995533
chr21	36590099	36590099	0.0796050780379168
chr21	36590368	36590368	0.0458222356315776
chr21	36591120	36591120	0.610137595785779
chr21	36591482	36591482	0.173817706761687
chr21	36591553	36591553	0.600189024045409
chr21	36592448	36592448	0.26898975096254
chr21	36593258	36593258	1.24233921065878
chr21	36594222	36594222	0.200515674083323
chr21	36594286	36594286	0.343135175536937
chr21	36595366	36595366	0.512478986287118
chr21	36596110	36596110	0.383385517232862
chr21	36596424	36596424	0.0967029196378968
chr21	36596728	36596728	0.0254435630825023
chr21	36597098	36597098	0.472166676067081
chr21	36597223	36597223	0.238375443714424
chr21	36597309	36597309	0.171133291281969
chr21	36597573	36597573	2.66478382915426
chr21	36598035	36598035	0.272693350967527
chr21	36599201	36599201	0.21721478673543
chr21	36599945	36599945	0.243846024942728
chr21	36600453	36600453	0.0184744130157903
chr21	36600802	36600802	0.427269936004196
chr21	36601432	36601432	0.0218428985669449
chr21	36601583	36601583	0.423631870045023
chr21	36601645	36601645	0.0999155403949123
chr21	36603329	36603329	0.0254083833614899
chr21	36604084	36604084	0.0101477490743696
chr21	36604481	36604481	0.430332430397311
chr21	36604825	36604825	1.80234391048815
chr21	36604866	36604866	0.368732701862745
chr21	36605229	36605229	0.0998353633396185
chr21	36605748	36605748	0.123725737142367
chr21	36606525	36606525	0.55890652714225
chr21	36607176	36607176	0.71977730934238
chr21	36608770	36608770	0.148357994967524
chr21	36608796	36608796	0.0709266438745947
chr21	36608855	36608855	0.201594543764592
chr21	36610447	36610447	0.0187609424499323
chr21	36610980	36610980	0.383103729487418
chr21	36611777	36611777	0.350539851518087
chr21	36613230	36613230	0.276270117900835
chr21	36613346	36613346	0.473111880951964
chr21	36613435	36613435	0.837769976545301
chr21	36613784	36613784	0.0499541701221924
chr21	36613967	36613967	0.249457491719115
chr21	36614469	36614469	0.399053431053798
chr21	36614525	36614525	0.114966622809542
chr21	36614707	36614707	0.188664296904147
chr21	36616704	36616704	0.547767190523667
chr21	36616762	36616762	0.794878692546373
chr21	36618166	36618166	1.64220968286004
chr21	36618260	36618260	0.674305500833753
chr21	36618854	36618854	0.604616010261499
chr21	36620088	36620088	0.313385545909756
chr21	36620560	36620560	0.0650238606614827
chr21	36620643	36620643	0.503540994074356
chr21	36621464	36621464	0.362830648379354
chr21	36621629	36621629	0.440947560681178
chr21	36621929	36621929	0.545377291155558
chr21	36622503	36622503	0.35494767185914
chr21	36623292	36623292	0.330558367607739
chr21	36623439	36623439	0.336624987155282
chr21	36624624	36624624	0.165918598579955
chr21	36625642	36625642	0.28699353889259
chr21	36625871	36625871	0.343071906269631
chr21	36626386	36626386	0.122296150320399
chr21	36626430	36626430	0.375639411179077
chr21	36628267	36628267	0.00238795035871395
chr21	36628706	36628706	0.636617852751038
chr21	36629377	36629377	0.291264743207824
chr21	36629728	36629728	0.052647226585557
chr21	36631414	36631414	0.286624256771485
chr21	36632000	36632000	0.331639370892874
chr21	36632013	36632013	0.218019314606002
chr21	36632071	36632071	0.0323363902056313
chr21	36632592	36632592	0.707694924206241
chr21	36633565	36633565	0.161971860774008
chr21	36633657	36633657	0.0824206142454265
chr21	36637381	36637381	0.0829031581613293
chr21	36638227	36638227	0.197242666644371
chr21	36638558	36638558	1.88676882200908
chr21	36638959	36638959	0.158970081911624
chr21	36639239	36639239	0.494112608133754
chr21	36639351	36639351	0.0924021349601859
chr21	36639497	36639497	0.496472653113659
chr21	36640152	36640152	0.038089749377356
chr21	36640416	36640416	0.893649045551285
chr21	36640520	36640520	0.480448100774824
chr21	36640612	36640612	0.19572755870372
chr21	36641638	36641638	0.0642109891196884
chr21	36642420	36642420	0.614358544052081
chr21	36642483	36642483	0.223816278937685
chr21	36642698	36642698	0.322040048121511
chr21	36643376	36643376	0.0545435409535633
chr21	36643806	36643806	0.632433469341409
chr21	36645059	36645059	0.0690646450403544
chr21	36646140	36646140	0.231300504837127
chr21	36646402	36646402	0.688768802214991
chr21	36646735	36646735	0.211789960045557
chr21	36647819	36647819	0.129308983474755
chr21	36648692	36648692	0.93173184940604
chr21	36650630	36650630	0.0518423194651728
chr21	36652861	36652861	2.02711142496812
chr21	36653314	36653314	0.528173658193143
chr21	36653387	36653387	0.311470171270886
chr21	36653580	36653580	0.179242731008359
chr21	36653717	36653717	0.827790339141095
chr21	36654865	36654865	0.0549810738340104
chr21	36655147	36655147	0.11688452873683
chr21	36655593	36655593	0.165505937446117
chr21	36655957	36655957	0.358664317878898
chr21	36656587	36656587	0.859849992553192
chr21	36657477	36657477	0.520455657218142
chr21	36658361	36658361	0.239752504270003
chr21	36658567	36658567	0.523646607555687
chr21	36658583	36658583	0.433154742177624
chr21	36659752	36659752	0.166444972520725
chr21	36659915	36659915	0.133067562232948
chr21	36659994	36659994	1.79173737786059
chr21	36660077	36660077	0.134404307372079
chr21	36660768	36660768	0.148357487694549
chr21	36661287	36661287	0.758638964097444
chr21	36662060	36662060	0.673738319423784
chr21	36662104	36662104	0.334626515611314
chr21	36662138	36662138	0.34437393150079
chr21	36662317	36662317	0.122521633991356
chr21	36662453	36662453	0.000823974465686265
chr21	36662461	36662461	0.0045890191725247
chr21	36663335	36663335	0.00812510569434528
chr21	36664121	36664121	0.40626866842936
chr21	36666044	36666044	0.188183416173941
chr21	36668315	36668315	0.602101274533565
chr21	36668416	36668416	0.103152133583225
chr21	36668513	36668513	0.313802973919475
chr21	36668616	36668616	1.72868935773733
chr21	36668884	36668884	0.0342793534363265
chr21	36668993	36668993	0.389458893233329
chr21	36669768	36669768	0.919367904173059
chr21	36670397	36670397	0.408447983768333
chr21	36670826	36670826	0.476745367927248
chr21	36671377	36671377	0.968094252480233
chr21	36671658	36671658	0.801413049003614
chr21	36671689	36671689	0.393341978534033
chr21	36672674	36672674	1.06724559331726
chr21	36673482	36673482	0.370135214935666
chr21	36673603	36673603	0.0539153355904696
chr21	36673645	36673645	0.285437324582599
chr21	36674318	36674318	0.118688508618349
chr21	36675198	36675198	0.749580716695376
chr21	36675630	36675630	0.0562251955872353
chr21	36676333	36676333	0.67478028076065
chr21	36676547	36676547	0.193465145316534
chr21	36677619	36677619	0.807504698004986
chr21	36678096	36678096	0.141925491137231
chr21	36678181	36678181	0.283142423899041
chr21	36678373	36678373	0.927320188135673
chr21	36678747	36678747	0.842929538121708
chr21	36678802	36678802	0.0584187580886589
chr21	36679089	36679089	0.037879162661089
chr21	36679885	36679885	0.358578814955786
chr21	36680286	36680286	0.0191753786927469
chr21	36680819	36680819	0.171776775150074
chr21	36680841	36680841	0.412397268168594
chr21	36681040	36681040	0.358359500843519
chr21	36681127	36681127	0.0410414172655285
chr21	36681276	36681276	0.15490355810054
chr21	36681730	36681730	0.464970834265986
chr21	36682714	36682714	1.64696273460972
chr21	36684272	36684272	0.171174875486942
chr21	36685367	36685367	0.572428382630306
chr21	36685463	36685463	0.283693162517842
chr21	36685706	36685706	0.439793563716025
chr21	36686017	36686017	0.94403040279869
chr21	36686419	36686419	0.326745839042109
chr21	36686842	36686842	0.139405232783212
chr21	36686880	36686880	1.08168129825539
chr21	36687005	36687005	0.0895684256632448
chr21	36688548	36688548	0.244157942747223
chr21	36688813	36688813	0.120879741829649
chr21	36689658	36689658	0.328464978702613
chr21	36690185	36690185	1.05321680219793
chr21	36690872	36690872	0.0638950815812131
chr21	36691163	36691163	0.0227910202884679
chr21	36691234	36691234	0.0195641762350505
chr21	36691741	36691741	0.195270576312227
chr21	36691870	36691870	0.77320550117486
chr21	36692107	36692107	0.111594629388162
chr21	36692882	36692882	0.566098081044847
chr21	36693630	36693630	0.0852546770836779
chr21	36694354	36694354	0.322159592053027
chr21	36695470	36695470	0.294767558992858
chr21	36696121	36696121	0.242442994803286
chr21	36697051	36697051	0.0647330178445202
chr21	36697697	36697697	0.682062237315199
chr21	36699117	36699117	0.698552394632879
chr21	36700337	36700337	0.193684157383017
chr21	36701068	36701068	0.320285013248831
chr21	36703535	36703535	0.00891754626065222
chr21	36704065	36704065	0.537185856857679
chr21	36704536	36704536	0.37088837072353
chr21	36705665	36705665	0.0230697151777606
chr21	36705786	36705786	0.50134906366558
chr21	36706308	36706308	0.0394889264993097
chr21	36706335	36706335	0.307449248742026
chr21	36706552	36706552	0.401624533164961
chr21	36707181	36707181	0.195468270135931
chr21	36707298	36707298	0.850976482990036
chr21	36707404	36707404	0.125836375954079
chr21	36707773	36707773	0.331212210051032
chr21	36707834	36707834	0.870274621887523
chr21	36708677	36708677	1.29408734550923
chr21	36709152	36709152	0.0368481119909476
chr21	36709693	36709693	4.0142843297217
chr21	36709819	36709819	0.298274010160732
chr21	36709921	36709921	0.345680695886509
chr21	36710501	36710501	1.32807863131019
chr21	36710849	36710849	0.221589915947628
chr21	36712358	36712358	0.929951602956539
chr21	36712761	36712761	0.842460226302728
chr21	36713554	36713554	0.405641988863383
chr21	36713687	36713687	0.44745387984209
chr21	36715003	36715003	0.676232810439571
chr21	36715092	36715092	1.06112098877346
chr21	36715987	36715987	0.898327495261467
chr21	36716096	36716096	0.243053834282161
chr21	36717244	36717244	0.0746497411558472
chr21	36717687	36717687	0.0975939950987701
chr21	36719101	36719101	0.276597487748304
chr21	36719967	36719967	0.0257681161454166
chr21	36721607	36721607	0.623560434944263
chr21	36722187	36722187	0.119522023687049
chr21	36722812	36722812	0.11643332430962
chr21	36723302	36723302	1.14064505085958
chr21	36723346	36723346	0.96895497017414
chr21	36724359	36724359	0.97377196375028
chr21	36724431	36724431	0.29262164407973
chr21	36724653	36724653	0.146180031223188
chr21	36725024	36725024	0.243433639974561
chr21	36725203	36725203	0.247996593889004
chr21	36725258	36725258	1.47428392770466
chr21	36725265	36725265	0.0943189126276986
chr21	36725527	36725527	0.290224035750773
chr21	36725889	36725889	0.211796861089548
chr21	36726992	36726992	0.127721368211182
chr21	36727571	36727571	0.16789862426862
chr21	36728432	36728432	0.161986963474309
chr21	36728591	36728591	0.425879577206217
chr21	36728653	36728653	0.812528891462701
chr21	36728790	36728790	0.236121118595045
chr21	36728851	36728851	0.775352342646809
chr21	36730124	36730124	0.680694829477316
chr21	36730471	36730471	0.032004005694727
chr21	36732574	36732574	0.380272323868273
chr21	36732771	36732771	0.865496624210634
chr21	36732836	36732836	0.214868804913145
chr21	36732872	36732872	0.770033194700274
chr21	36735066	36735066	1.91291815589045
chr21	36735710	36735710	0.503437797008188
chr21	36735894	36735894	0.470523087356302
chr21	36736238	36736238	0.128135374767843
chr21	36736743	36736743	1.11073699174666
chr21	36737049	36737049	0.537612563676647
chr21	36737436	36737436	0.0310191223835162
chr21	36737492	36737492	0.0609309914340586
chr21	36738135	36738135	0.0170684039702483
chr21	36740446	36740446	0.547033097052613
chr21	36740829	36740829	0.851174662714632
chr21	36742070	36742070	0.0723391142023252
chr21	36743643	36743643	0.66831356332227
chr21	36744359	36744359	0.584478193390868
chr21	36744847	36744847	0.191283900170607
chr21	36744976	36744976	0.122187253253529
chr21	36746004	36746004	0.360586027473689
chr21	36746621	36746621	1.45633186517698
chr21	36747251	36747251	0.763109852471685
chr21	36747859	36747859	0.394836035147859
chr21	36748456	36748456	0.110388548294547
chr21	36748742	36748742	0.224821265989992
chr21	36749177	36749177	0.544625071736741
chr21	36749305	36749305	0.35093399432762
chr21	36749355	36749355	0.855318701090655
chr21	36749821	36749821	0.060264054992194
chr21	36749858	36749858	0.0316406856618232
chr21	36750550	36750550	0.105318098499512
chr21	36750679	36750679	0.0404567209341704
chr21	36750825	36750825	0.57877832060677
chr21	36751412	36751412	0.0895388927159447
chr21	36751567	36751567	0.231360968674839
chr21	36751757	36751757	1.40626183976797
chr21	36751826	36751826	1.95700677411073
chr21	36752628	36752628	0.201600587877422
chr21	36752628	36752628	0.40603616319583
chr21	36753082	36753082	0.810993063835162
chr21	36753182	36753182	0.213288117773156
chr21	36753607	36753607	0.919479984960139
chr21	36755476	36755476	0.208573880128038
chr21	36755849	36755849	0.266528998626252
chr21	36757615	36757615	0.192499559444325
chr21	36758991	36758991	0.991124600659182
chr21	36759067	36759067	0.454516333279272
chr21	36759140	36759140	0.568314177938123
chr21	36759867	36759867	0.282982183646024
chr21	36760460	36760460	0.227418029722746
chr21	36760725	36760725	1.06758816748749
chr21	36760771	36760771	0.977338212221801
chr21	36760939	36760939	1.35255826513035
chr21	36761718	36761718	0.202335440546836
chr21	36762924	36762924	0.0889330755918221
chr21	36763517	36763517	0.0766797809082692
chr21	36764362	36764362	0.0891903708802995
chr21	36764748	36764748	0.119588077375621
chr21	36766096	36766096	0.103689597000439
chr21	36767098	36767098	0.195116860125757
chr21	36767911	36767911	0.887826967918584
chr21	36768088	36768088	1.47821219006494
chr21	36769881	36769881	0.153823578174693
chr21	36770091	36770091	0.350866343058723
chr21	36770166	36770166	0.153764051831675
chr21	36770587	36770587	0.00681459330330486
chr21	36771150	36771150	0.274760793683061
chr21	36771198	36771198	0.0839510721847469
chr21	36771758	36771758	0.0737479970078988
chr21	36771779	36771779	0.241231924616094
chr21	36771801	36771801	1.17117236967467
chr21	36772000	36772000	0.805838799595626
chr21	36772301	36772301	0.806856340963196
chr21	36772569	36772569	0.648765738596288
chr21	36772797	36772797	0.169183003057865
chr21	36774227	36774227	0.164580062923072
chr21	36774470	36774470	0.254979351901297
chr21	36775641	36775641	0.725280498250389
chr21	36776716	36776716	0.0940057226902005
chr21	36777558	36777558	0.577427830207225
chr21	36777945	36777945	0.356693054718229
chr21	36778291	36778291	1.219481655566
chr21	36778465	36778465	0.193870654716513
chr21	36778849	36778849	0.318808610737185
chr21	36778940	36778940	0.382834647288215
chr21	36779117	36779117	0.69138868244827
chr21	36779152	36779152	0.108814091238288
chr21	36779840	36779840	0.0212931153377958
chr21	36779982	36779982	0.305609004609179
chr21	36780547	36780547	0.71588223744722
chr21	36780642	36780642	0.112760687952452
chr21	36782036	36782036	0.286728708028369
chr21	36782262	36782262	0.486034616362637
chr21	36782668	36782668	1.10338567065484
chr21	36782898	36782898	0.280005779403348
chr21	36782973	36782973	0.231738958372287
chr21	36783264	36783264	0.403238380426692
chr21	36784175	36784175	0.46441436785622
chr21	36784336	36784336	0.1210591841569
chr21	36784468	36784468	0.089927511906885
chr21	36784702	36784702	0.778163396532955
chr21	36785305	36785305	0.634784679457233
chr21	36785430	36785430	0.420528998843963
chr21	36785889	36785889	0.757161051836608
chr21	36787439	36787439	0.0589927596524801
chr21	36787725	36787725	0.177647182588056
chr21	36787979	36787979	0.745293720155365
chr21	36788120	36788120	0.166703163622333
chr21	36788293	36788293	0.563806509575028
chr21	36788880	36788880	0.118722893978906
chr21	36788901	36788901	1.49841904248921
chr21	36789290	36789290	0.421760014267742
chr21	36790046	36790046	0.0518016633332215
chr21	36790233	36790233	0.618703221009284
chr21	36790379	36790379	0.0131637782795279
chr21	36790578	36790578	0.398826296802796
chr21	36791874	36791874	0.987325369066597
chr21	36793122	36793122	0.859773596587164
chr21	36793186	36793186	0.588672371815958
chr21	36793515	36793515	0.083127683562799
chr21	36793573	36793573	0.894370071258738
chr21	36793958	36793958	0.173382080565843
chr21	36794090	36794090	0.513898113968873
chr21	36794453	36794453	0.119946359461816
chr21	36796729	36796729	0.167626033109212
chr21	36796771	36796771	0.0669424813235418
chr21	36796909	36796909	1.03725437754169
chr21	36798373	36798373	1.11826550781306
chr21	36798387	36798387	0.138115212900336
chr21	36799032	36799032	0.753132247235295
chr21	36800599	36800599	0.274461811072055
chr21	36800861	36800861	0.272761276783839
chr21	36802469	36802469	0.343803213586496
chr21	36802506	36802506	0.261204805474698
chr21	36802690	36802690	0.0248913984792069
chr21	36802779	36802779	0.997057356922256
chr21	36803181	36803181	0.175576267713886
chr21	36803408	36803408	0.0600576875332582
chr21	36803457	36803457	1.08934263629106
chr21	36803825	36803825	0.191824829233131
chr21	36804181	36804181	0.126070734036792
chr21	36805674	36805674	0.645823188234877
chr21	36805980	36805980	1.661686132948
chr21	36807126	36807126	0.283313119521165
chr21	36807450	36807450	0.147285119532022
chr21	36807978	36807978	0.142543526202768
chr21	36808039	36808039	1.01655159206328
chr21	36808092	36808092	0.0127430179345112
chr21	36808244	36808244	0.212539572072635
chr21	36808419	36808419	0.214607236370119
chr21	36808568	36808568	0.288960335669873
chr21	36808709	36808709	0.189805527513351
chr21	36809865	36809865	0.582127529907192
chr21	36810191	36810191	0.16859711874065
chr21	36810539	36810539	0.175328992525688
chr21	36810697	36810697	0.020075614238391
chr21	36810797	36810797	0.107603648394937
chr21	36812122	36812122	0.424605382875473
chr21	36812369	36812369	0.256927332157611
chr21	36812431	36812431	0.416576809519529
chr21	36812672	36812672	0.644372410859094
chr21	36812808	36812808	0.0777489803783281
chr21	36813414	36813414	0.297732902324965
chr21	36813484	36813484	1.00626805572838
chr21	36813838	36813838	0.146707323714823
chr21	36815082	36815082	0.301829373079911
chr21	36816808	36816808	0.307871354250226
chr21	36816934	36816934	0.0427009262504431
chr21	36817964	36817964	0.032502625542905
chr21	36818168	36818168	0.357957488671947
chr21	36819043	36819043	0.283076749056494
chr21	36819434	36819434	0.199805230125155
chr21	36820150	36820150	0.152391189045776
chr21	36820304	36820304	0.144135474874732
chr21	36820309	36820309	0.129953732543492
chr21	36820738	36820738	1.51289367022035
chr21	36821170	36821170	0.176652942809281
chr21	36821650	36821650	0.0204911880768414
chr21	36824165	36824165	0.602889326192116
chr21	36825654	36825654	0.179706472044173
chr21	36826300	36826300	0.0452040121371502
chr21	36826561	36826561	0.69914812580426
chr21	36834283	36834283	1.39763221842963
chr21	36834682	36834682	0.559928995746347
chr21	36836397	36836397	1.04438197659511
chr21	36836815	36836815	0.112028487458889
chr21	36836958	36836958	1.05484336009786
chr21	36836961	36836961	0.314359100276327
chr21	36838206	36838206	0.153426072444578
chr21	36838310	36838310	0.161939337741636
chr21	36839201	36839201	0.514789356850232
chr21	36839437	36839437	0.858550051740786
chr21	36840071	36840071	0.0205629194543742
chr21	36840134	36840134	0.283485494148232
chr21	36840993	36840993	1.50033190461683
chr21	36843883	36843883	0.66648775469095
chr21	36844889	36844889	0.115612799554505
chr21	36845437	36845437	0.199481659184689
chr21	36845969	36845969	0.021892475247809
chr21	36846254	36846254	0.139772658410013
chr21	36846415	36846415	0.141323691233737
chr21	36846826	36846826	0.127941862271895
chr21	36847718	36847718	0.0359800868614044
chr21	36848084	36848084	0.362444945032131
chr21	36848904	36848904	0.0426623396466612
chr21	36850030	36850030	0.558215024044337
chr21	36850209	36850209	0.815857393464241
chr21	36853321	36853321	0.0869726900423596
chr21	36853601	36853601	0.230985022934139
chr21	36854614	36854614	0.413173844257375
chr21	36854686	36854686	0.2769359206938
chr21	36854875	36854875	0.221114458914933
chr21	36854891	36854891	0.0679431468678359
chr21	36856152	36856152	0.81014314994948
chr21	36856196	36856196	0.590646701739296
chr21	36856387	36856387	0.135934092866632
chr21	36856508	36856508	1.87077865060653
chr21	36857394	36857394	0.582981367248398
chr21	36858449	36858449	0.0549627580070523
chr21	36858499	36858499	0.134484830890542
chr21	36858639	36858639	0.10061787095513
chr21	36858750	36858750	1.37141262387926
chr21	36860187	36860187	0.123116294635407
chr21	36861500	36861500	0.582615973854497
chr21	36863224	36863224	0.0103638741095392
chr21	36863341	36863341	0.205042270061524
chr21	36864258	36864258	0.259331516787773
chr21	36865114	36865114	0.324672334534525
chr21	36865672	36865672	0.00174541743592181
chr21	36866890	36866890	0.118312765458562
chr21	36867421	36867421	0.301521860967477
chr21	36867669	36867669	0.0572823154707744
chr21	36868242	36868242	0.760868997590519
chr21	36868385	36868385	0.405731739591904
chr21	36869553	36869553	0.568653938399135
chr21	36870055	36870055	0.22887936290491
chr21	36870847	36870847	0.227396313022342
chr21	36871134	36871134	0.4049401117553
chr21	36871179	36871179	0.0231950964539849
chr21	36872161	36872161	0.0385209036265156
chr21	36872177	36872177	0.0240355343732553
chr21	36872273	36872273	0.450391727104495
chr21	36873110	36873110	0.497417691503938
chr21	36873473	36873473	0.793502338700599
chr21	36873738	36873738	0.0102588876972829
chr21	36874489	36874489	0.169904483311611
chr21	36874558	36874558	0.484472027117897
chr21	36875175	36875175	0.231795253320061
chr21	36875812	36875812	0.731676844383539
chr21	36876055	36876055	0.334089859031126
chr21	36876305	36876305	0.262578498873679
chr21	36876844	36876844	0.970570660289929
chr21	36876869	36876869	0.03951137896518
chr21	36878706	36878706	0.5691629086726
chr21	36880777	36880777	0.0713881059764558
chr21	36880910	36880910	0.409896734201811
chr21	36881250	36881250	1.53493947503773
chr21	36883067	36883067	0.508955138212832
chr21	36883305	36883305	0.358211208021643
chr21	36883467	36883467	0.046357448565991
chr21	36883484	36883484	0.103148964613855
chr21	36883501	36883501	0.675284681598179
chr21	36884568	36884568	1.71184115857941
chr21	36885265	36885265	0.690705008008706
chr21	36887040	36887040	0.168024232228749
chr21	36887109	36887109	1.00411471922336
chr21	36888672	36888672	0.313195696672364
chr21	36888970	36888970	0.310039181154627
chr21	36889566	36889566	0.126600061851277
chr21	36889742	36889742	0.0706935675021559
chr21	36889897	36889897	0.347467010599423
chr21	36890302	36890302	1.14940241110484
chr21	36891085	36891085	0.200237662865616
chr21	36891268	36891268	0.0979191645513652
chr21	36892547	36892547	0.830435227728037
chr21	36892850	36892850	0.153960489148221
chr21	36893299	36893299	0.11549915873133
chr21	36893584	36893584	0.293602748212547
chr21	36894160	36894160	0.338570198692359
chr21	36894586	36894586	0.35210558849059
chr21	36895633	36895633	0.0248811796718063
chr21	36897150	36897150	0.148279729967824
chr21	36897406	36897406	0.526208526759882
chr21	36897976	36897976	0.497213664334328
chr21	36897985	36897985	0.675980563899536
chr21	36899302	36899302	0.29785634256518
chr21	36900257	36900257	0.0868302873077267
chr21	36900939	36900939	0.712803875882482
chr21	36901191	36901191	0.125521519406503
chr21	36901297	36901297	0.00289286436851183
chr21	36901899	36901899	0.993005629812238
chr21	36902699	36902699	0.317633709850794
chr21	36902779	36902779	0.0419937913378447
chr21	36903305	36903305	0.248667992235385
chr21	36904166	36904166	0.326879162155817
chr21	36906144	36906144	0.741879469395768
chr21	36907070	36907070	0.435526877620258
chr21	36907080	36907080	0.755320290632152
chr21	36907358	36907358	1.47708424906885
chr21	36908124	36908124	0.214745735277947
chr21	36908236	36908236	0.527093956871093
chr21	36909859	36909859	1.82219158907451
chr21	36909886	36909886	0.195774728801221
chr21	36909964	36909964	0.679768042253802
chr21	36910009	36910009	0.186039626864654
chr21	36910318	36910318	0.0671624654380303
chr21	36910347	36910347	0.314104843367264
chr21	36910680	36910680	1.72653559348568
chr21	36911160	36911160	0.26455831039987
chr21	36915171	36915171	0.10190792742951
chr21	36915674	36915674	0.429827579247017
chr21	36915731	36915731	0.10649237191025
chr21	36915746	36915746	0.151126578866234
chr21	36916464	36916464	0.367997561640526
chr21	36916631	36916631	0.658127561555676
chr21	36917214	36917214	0.180139727617412
chr21	36917271	36917271	0.0435345486450221
chr21	36917295	36917295	0.628471667438092
chr21	36918225	36918225	0.0774336858988924
chr21	36918483	36918483	0.319190095054825
chr21	36919262	36919262	2.19196446386433
chr21	36919428	36919428	0.261801583287229
chr21	36920357	36920357	0.498847717121837
chr21	36921034	36921034	0.245312496163474
chr21	36921565	36921565	0.515859952447356
chr21	36921765	36921765	0.498518240804737
chr21	36924673	36924673	0.761202724092657
chr21	36925394	36925394	0.317913527204794
chr21	36925665	36925665	0.763874258649532
chr21	36926619	36926619	0.0496403860622865
chr21	36927649	36927649	0.0922695478244172
chr21	36931190	36931190	1.14557361256649
chr21	36931249	36931249	0.515683135949984
chr21	36931410	36931410	0.183995383650419
chr21	36931582	36931582	0.237665367012139
chr21	36931716	36931716	0.861608702319793
chr21	36932379	36932379	0.302949517036522
chr21	36933034	36933034	0.745593063543111
chr21	36933533	36933533	1.07740528258047
chr21	36933622	36933622	0.0483953592247985
chr21	36933674	36933674	0.378684647375666
chr21	36933813	36933813	0.545009167579431
chr21	36933837	36933837	0.516728800603858
chr21	36934315	36934315	0.759082751779307
chr21	36934563	36934563	0.855875144581152
chr21	36935206	36935206	0.290265364587109
chr21	36935354	36935354	1.06527576655833
chr21	36935870	36935870	0.577883964133375
chr21	36936348	36936348	0.0161636350896834
chr21	36936892	36936892	1.29316462662478
chr21	36937996	36937996	0.0831195905519383
chr21	36938179	36938179	0.65649879273498
chr21	36938625	36938625	0.402110158640644
chr21	36941626	36941626	0.101403320365316
chr21	36941951	36941951	0.563717858959959
chr21	36945200	36945200	0.0786534610096848
chr21	36947536	36947536	0.611548403757712
chr21	36947981	36947981	0.571036749319286
chr21	36948107	36948107	0.155865371039412
chr21	36948157	36948157	0.00179265285051379
chr21	36949595	36949595	0.0903466993605903
chr21	36949635	36949635	0.239851046321294
chr21	36950819	36950819	0.962386420376079
chr21	36952643	36952643	0.0433107174282626
chr21	36952769	36952769	0.016662393438796
chr21	36953040	36953040	0.83923927370714
chr21	36953127	36953127	0.611369582913535
chr21	36953192	36953192	0.516726794407566
chr21	36955156	36955156	1.17429634202242
chr21	36955233	36955233	0.285012121033133
chr21	36955387	36955387	0.160973283825323
chr21	36956528	36956528	0.0530821860645329
chr21	36957243	36957243	0.0155674170227232
chr21	36957641	36957641	0.225127114025788
chr21	36957744	36957744	0.149182512820698
chr21	36957817	36957817	0.816539260511063
chr21	36958029	36958029	0.265986707562221
chr21	36958784	36958784	0.229630059534162
chr21	36959637	36959637	0.441913356563314
chr21	36961086	36961086	0.174056686789514
chr21	36961235	36961235	0.270131116293374
chr21	36964261	36964261	0.345247855527195
chr21	36964407	36964407	0.0874608589604127
chr21	36964742	36964742	0.640998956457842
chr21	36965124	36965124	0.0401899781167931
chr21	36965546	36965546	1.18397379435148
chr21	36966312	36966312	0.612780074533329
chr21	36966423	36966423	0.111742419309127
chr21	36966456	36966456	0.135950514587194
chr21	36967873	36967873	1.37167720811474
chr21	36969174	36969174	0.383057004721576
chr21	36969709	36969709	0.308240470345841
chr21	36970234	36970234	0.220628928310588
chr21	36971796	36971796	0.627623929172298
chr21	36971833	36971833	0.693715767419317
chr21	36972039	36972039	0.578017154493393
chr21	36972221	36972221	0.240196287401078
chr21	36972748	36972748	0.169429948066106
chr21	36974015	36974015	0.155524549454305
chr21	36975590	36975590	0.012613784241103
chr21	36975884	36975884	0.490401592516458
chr21	36976116	36976116	0.13722093205566
chr21	36976358	36976358	0.0812138020905832
chr21	36977044	36977044	0.220588095035606
chr21	36977431	36977431	0.254959840679198
chr21	36977893	36977893	0.686790619991088
chr21	36978294	36978294	0.245623144183484
chr21	36978562	36978562	1.28397693780313
chr21	36978599	36978599	0.423639555877014
chr21	36978629	36978629	0.0360805700879825
chr21	36979246	36979246	0.280734503353
chr21	36980568	36980568	0.155963939125434
chr21	36982378	36982378	0.0211196554128872
chr21	36982695	36982695	0.723071679384554
chr21	36982741	36982741	0.196893549179274
chr21	36983270	36983270	0.333805549196854
chr21	36983856	36983856	1.57032447148207
chr21	36984714	36984714	0.0871328689008198
chr21	36985139	36985139	0.11508961764158
chr21	36985159	36985159	0.0790450850768147
chr21	36985825	36985825	0.0803224813814307
chr21	36986134	36986134	0.662282196299238
chr21	36986566	36986566	0.20492412552937
chr21	36986840	36986840	0.00829232045372564
chr21	36987227	36987227	0.0118500030354359
chr21	36988149	36988149	0.250775492378469
chr21	36988304	36988304	0.522497888332318
chr21	36989226	36989226	0.143098843520169
chr21	36990764	36990764	1.10064473783018
chr21	36990780	36990780	0.00523343521773274
chr21	36991471	36991471	0.0166602513419816
chr21	36991536	36991536	0.205857909574111
chr21	36992444	36992444	0.168837163034003
chr21	36992602	36992602	0.0476170931145359
chr21	36993435	36993435	0.631530198694682
chr21	36995455	36995455	0.831716383992443
chr21	36995533	36995533	0.285752234476546
chr21	36996219	36996219	0.301537707249198
chr21	36996499	36996499	0.13174497782764
chr21	36996970	36996970	0.00018512392145376
chr21	36998186	36998186	0.614764780563304
chr21	36998326	36998326	1.43691812097128
chr21	36998697	36998697	0.0534711807511348
chr21	36998788	36998788	0.257630925957694
chr21	36999011	36999011	0.197046539613425
chr21	36999263	36999263	0.297262835055344
